State,Name,Rank,City,Zip,URL,Latitude,Longitude,ADMrate,Ownership,Citytype,SAT,AvgCost,Major_agriculture,Major_NatureResource,Major_Architecture,Major_CS,Major_Edu,Major_Engineering,Major_Bio,Major_MathStat,Major_Psychology,Major_SocialScience,Major_Business,Major_History,CrimeRate,HappyRank,HappyScore
CA,Stanford University,1,Stanford,94305,www.stanford.edu/,37.426967,-122.168826,0.0509,2,21,1465,60311,0,0,0,1,0,1,1,1,1,1,0,1,396.1,10,59.96
MA,Williams College,2,Williamstown,1267,www.williams.edu,42.711669,-73.205888,0.1932,2,31,1452,61850,0,1,0,1,0,0,1,1,1,1,0,1,391.4,16,57.42
NJ,Princeton University,3,Princeton,08544-0070,www.princeton.edu,40.34853,-74.663603,0.0744,2,21,1491,57400,0,0,1,0,0,1,1,1,1,1,0,1,261.2,20,56.82
MA,Harvard University,4,Cambridge,2138,www.harvard.edu,42.374429,-71.118177,0.0596,2,12,1501,59950,0,1,0,1,0,1,1,1,1,1,0,1,391.4,16,57.42
MA,Massachusetts Institute of Technology,5,Cambridge,02139-4307,web.mit.edu/student/,42.360095,-71.092115,0.0788,2,12,1500,59020,0,0,1,1,0,1,1,1,0,1,1,1,391.4,16,57.42
CT,Yale University,6,New Haven,6520,www.yale.edu,41.311158,-72.926688,0.063,2,12,1493,61620,0,1,1,1,0,1,1,1,1,1,0,1,236.9,17,57.04
CA,Pomona College,7,Claremont,91711-6319,www.pomona.edu,34.098298,-117.711944,0.1219,2,21,1454,59730,0,1,0,1,0,1,1,1,1,1,0,1,396.1,10,59.96
RI,Brown University,8,Providence,2912,www.brown.edu,41.827605,-71.404467,0.0874,2,12,1435,60460,0,1,0,1,1,1,1,1,1,1,1,1,219.2,27,52.37
CT,Wesleyan University,9,Middletown,6459,www.wesleyan.edu,41.55678,-72.656755,0.2391,2,13,NULL,62849,0,1,0,1,0,0,1,1,1,1,0,1,236.9,17,57.04
PA,Swarthmore College,10,Swarthmore,19081,www.swarthmore.edu,39.904081,-75.356066,0.1702,2,21,1433,60671,0,1,0,1,1,1,1,1,1,1,0,1,314.1,34,49.98
PA,University of Pennsylvania,11,Philadelphia,19104-6303,www.upenn.edu,39.951002,-75.193618,0.1037,2,11,1452,61800,0,1,1,1,0,1,1,1,1,1,1,1,314.1,34,49.98
MA,Amherst College,12,Amherst,01002-5000,www.amherst.edu,42.372459,-72.518493,0.1384,2,21,1439,61544,0,1,1,1,0,0,1,1,1,1,0,1,391.4,16,57.42
IN,University of Notre Dame,13,Notre Dame,46556,www.nd.edu,41.703058,-86.238959,0.2114,2,21,1450,60117,0,1,1,1,1,1,1,1,1,1,1,1,365.3,40,45.94
IL,Northwestern University,14,Evanston,60208,www.northwestern.edu,42.058377,-87.673653,0.1311,2,13,1461,63028,0,1,0,1,1,1,1,1,1,1,1,1,370.0,25,52.6
NY,Columbia University in the City of New York,15,New York,10027,www.columbia.edu,40.808286,-73.961885,0.0695,2,11,1470,64144,0,1,1,1,1,1,1,1,1,1,1,1,381.8,26,52.54
NH,Dartmouth College,16,Hanover,03755-3529,www.dartmouth.edu,43.70408,-72.289951,0.115,2,33,1444,63279,0,1,0,1,0,1,1,1,1,1,0,1,196.1,11,59.5
MA,Tufts University,17,Medford,02155-5555,www.tufts.edu,42.406994,-71.121689,0.1724,2,21,1423,61000,0,1,1,1,0,1,1,1,1,1,0,1,391.4,16,57.42
ME,Bowdoin College,18,Brunswick,4011,www.bowdoin.edu/,43.906902,-69.965241,0.1491,2,31,NULL,59900,0,1,0,1,1,0,1,1,1,1,0,1,127.8,33,51.32
IL,University of Chicago,19,Chicago,60637,WWW.UCHICAGO.EDU,41.78917,-87.601196,0.0876,2,11,1505,64988,0,1,0,1,0,0,1,1,1,2,0,1,370.0,25,52.6
DC,Georgetown University,20,Washington,20057-0001,www.georgetown.edu,38.908809,-77.073463,0.1735,2,11,1414,62179,0,0,0,1,0,0,1,1,1,1,1,1,1244.4,18,57.01
MA,Boston College,21,Chestnut Hill,2467,www.bc.edu,42.337688,-71.171488,0.3391,2,13,1380,60690,0,1,0,1,1,0,1,1,1,1,1,1,391.4,16,57.42
PA,Haverford College,22,Haverford,19041-1392,www.haverford.edu,40.013368,-75.302562,0.2469,2,21,1422,61898,0,0,1,1,0,0,1,1,1,1,0,1,314.1,34,49.98
NC,Davidson College,23,Davidson,28035,www.davidson.edu/,35.500006,-80.845236,0.2167,2,21,1337,57458,0,1,0,0,0,0,1,1,1,1,0,1,329.5,30,52.16
NC,Duke University,24,Durham,27708,WWW.DUKE.EDU,36.00159,-78.94226,0.1141,2,12,1454,61748,0,1,0,1,1,1,1,1,1,1,0,1,329.5,30,52.16
MN,Carleton College,25,Northfield,55057-4001,www.carleton.edu,44.462304,-93.154662,0.2277,2,32,1408,60401,0,1,0,1,0,0,1,1,1,1,0,1,229.1,2,69.09
CA,Claremont McKenna College,26,Claremont,91711-6400,www.cmc.edu,34.102323,-117.706593,0.1077,2,21,1419,62010,0,1,0,1,0,1,1,1,1,1,1,1,396.1,10,59.96
VA,Washington and Lee University,27,Lexington,24450-2116,www.wlu.edu/,37.787832,-79.445724,0.1946,2,32,1395,58575,0,1,0,1,0,1,1,1,1,1,1,1,196.2,21,56.61
NY,Cornell University,28,Ithaca,14853,www.cornell.edu,42.447199,-76.483489,0.1419,2,13,1422,61608,1,1,1,1,1,1,1,1,1,1,1,1,381.8,26,52.54
TX,Rice University,29,Houston,77005-1827,www.rice.edu,29.716485,-95.403625,0.151,2,11,1460,54291,0,1,1,1,0,1,1,1,1,1,1,1,405.9,29,52.23
MA,Wellesley College,30,Wellesley,02481-8203,www.wellesley.edu,42.293765,-71.307966,0.3011,2,21,1390,59092,0,1,1,1,0,0,1,1,1,1,0,1,391.4,16,57.42
NY,Vassar College,31,Poughkeepsie,12604,www.vassar.edu,41.685105,-73.894345,0.2354,2,21,1403,61320,0,1,0,1,1,0,1,1,1,1,0,1,381.8,26,52.54
VT,Middlebury College,32,Middlebury,5753,www.middlebury.edu,44.009117,-73.176068,0.1717,2,32,1379,59470,0,1,1,1,0,0,1,1,1,1,0,1,99.3,14,58.01
VA,The University of Virginia's College at Wise,33,Wise,24293-4400,https://www.uvawise.edu/,36.971468,-82.558728,0.6882,1,32,946,20095,0,0,0,1,0,1,0,1,0,1,1,1,196.2,21,56.61
NY,Barnard College,34,New York,10027-6598,www.barnard.edu,40.809137,-73.964027,0.2377,2,11,1343,61171,0,1,1,1,0,0,1,1,1,1,0,1,381.8,26,52.54
VA,College of William and Mary,35,Williamsburg,23187-8795,www.wm.edu,37.271997,-76.709417,0.3302,1,23,1373,28329,0,0,0,1,0,0,1,1,1,1,1,1,196.2,21,56.61
CA,California Institute of Technology,36,Pasadena,91125,www.caltech.edu,34.139275,-118.12574,0.0883,2,12,1545,58755,0,0,0,1,0,1,1,1,0,1,1,1,396.1,10,59.96
CA,University of California-Berkeley,37,Berkeley,94720,www.berkeley.edu,37.871969,-122.260423,0.1602,1,12,1382,33020,0,1,1,1,0,1,1,1,1,1,1,1,396.1,10,59.96
ME,Colby College,38,Waterville,04901-8840,www.colby.edu,44.564211,-69.66337,0.2805,2,33,1333,59110,0,1,0,1,0,0,1,1,1,1,0,1,127.8,33,51.32
NY,Colgate University,39,Hamilton,13346-1398,www.colgate.edu,42.8188,-75.535,0.2624,2,32,1369,60050,0,1,0,1,1,0,1,1,1,1,0,1,381.8,26,52.54
OH,Oberlin College,40,Oberlin,44074,www.oberlin.edu,41.29474,-82.221786,0.3272,2,31,1349,62051,0,1,0,1,0,1,1,1,1,1,0,1,284.9,39,46.04
MI,University of Michigan-Ann Arbor,41,Ann Arbor,48109,www.umich.edu,42.276061,-83.743121,0.3224,1,12,1380,26143,0,1,1,1,1,1,1,1,1,1,1,1,427.3,43,44.17
TN,Vanderbilt University,42,Nashville,37240,www.vanderbilt.edu,36.14443,-86.804875,0.1309,2,11,1481,61112,0,0,0,1,1,1,1,1,1,1,0,1,608.4,45,39.96
CA,University of California-Los Angeles,43,Los Angeles,90095-1405,www.ucla.edu/,34.068892,-118.443901,0.1856,1,11,1330,32074,0,1,1,1,0,1,1,1,1,1,1,1,396.1,10,59.96
NC,University of North Carolina at Chapel Hill,44,Chapel Hill,27599,www.unc.edu,35.912165,-79.050969,0.285,1,13,1328,23978,0,1,0,1,1,0,1,1,1,1,1,1,329.5,30,52.16
OH,Kenyon College,45,Gambier,43022,www.kenyon.edu/,40.374408,-82.397977,0.2506,2,32,1332,59960,0,0,0,0,0,0,1,1,1,1,0,1,284.9,39,46.04
PA,Bucknell University,46,Lewisburg,17837,www.bucknell.edu,40.954489,-76.886275,0.3072,2,32,1317,61060,0,1,0,1,1,1,1,1,1,1,1,1,314.1,34,49.98
NY,Hamilton College,47,Clinton,13323,www.hamilton.edu,43.047809,-75.408853,0.2635,2,41,1393,59590,0,1,0,1,0,0,1,1,1,1,0,1,381.8,26,52.54
MA,College of the Holy Cross,48,Worcester,01610-2395,www.holycross.edu,42.238942,-71.808627,0.4334,2,12,NULL,57754,0,0,0,0,0,0,1,1,1,1,0,1,391.4,16,57.42
ME,Bates College,49,Lewiston,4240,www.bates.edu/,44.105299,-70.203333,0.2542,2,13,NULL,61000,0,1,0,0,0,1,1,1,1,1,0,1,127.8,33,51.32
WA,Whitman College,50,Walla Walla,99362,www.whitman.edu,46.07135,-118.33016,0.4101,2,13,1323,56600,0,0,0,0,0,1,1,1,1,1,0,1,285.2,12,59.26
MA,Smith College,51,Northampton,1063,www.smith.edu,42.317933,-72.638094,0.4221,2,21,NULL,60167,0,1,1,1,1,1,1,1,1,1,0,1,391.4,16,57.42
PA,Lafayette College,52,Easton,18042-1768,https://www.lafayette.edu/,40.700512,-75.209058,0.2975,2,21,1300,59750,0,1,0,1,0,1,1,1,1,1,0,1,314.1,34,49.98
PA,Franklin and Marshall College,53,Lancaster,17604-3003,WWW.FANDM.EDU,40.048045,-76.319037,0.3893,2,13,NULL,60765,0,1,0,1,0,0,1,1,1,1,1,1,314.1,34,49.98
CO,Colorado College,54,Colorado Springs,80903,www.coloradocollege.edu,38.84657,-104.82422,0.179,2,11,NULL,57400,0,1,0,1,1,0,1,1,1,1,0,1,309.1,5,61.59
NY,University of Rochester,55,Rochester,14627-0011,www.rochester.edu,43.126437,-77.631042,0.3641,2,12,NULL,61340,0,1,0,1,1,1,1,1,1,1,1,1,381.8,26,52.54
CA,Harvey Mudd College,56,Claremont,91711,https://www.hmc.edu,34.106137,-117.710594,0.1425,2,21,1500,63860,0,0,0,1,0,1,1,1,1,1,0,0,396.1,10,59.96
MO,Washington University in St Louis,57,Saint Louis,63130-4899,www.wustl.edu,38.648125,-90.311639,0.1713,2,21,1478,63755,0,1,1,1,1,1,1,1,1,1,1,1,442.9,42,44.58
NC,Wake Forest University,58,Winston-Salem,27106,www.wfu.edu,36.135301,-80.279004,0.3441,2,12,NULL,60210,0,0,0,1,1,0,1,1,1,1,1,1,329.5,30,52.16
PA,Villanova University,59,Villanova,19085-1699,www.villanova.edu,40.039388,-75.345457,0.4933,2,21,1313,58519,0,1,0,1,1,1,1,1,1,1,1,1,314.1,34,49.98
PA,Carnegie Mellon University,60,Pittsburgh,15213-3890,www.cmu.edu/,40.444616,-79.942914,0.246,2,11,1436,61990,0,1,1,1,1,1,1,1,1,1,1,1,314.1,34,49.98
OR,Reed College,61,Portland,97202-8199,www.reed.edu,45.480376,-122.63064,0.3873,2,11,1383,59595,0,1,0,0,0,0,1,1,1,1,0,1,232.3,32,51.4
CA,University of Southern California,62,Los Angeles,90089,www.usc.edu/,34.021058,-118.283858,0.1802,2,11,1380,62092,0,1,1,1,0,1,1,1,1,1,1,1,396.1,10,59.96
MD,Johns Hopkins University,63,Baltimore,21218-2688,www.jhu.edu,39.32838,-76.620799,0.1608,2,11,1439,61481,0,1,0,1,1,1,1,1,1,1,1,1,446.1,23,55.14
MN,Macalester College,64,Saint Paul,55105-1899,www.macalester.edu,44.936709,-93.169855,0.3635,2,11,1354,57478,0,1,0,1,1,0,1,1,1,1,0,1,229.1,2,69.09
WI,University of Wisconsin-Madison,65,Madison,53706-1380,www.wisc.edu,43.073858,-89.405356,0.5694,1,12,1286,23839,1,1,1,1,1,1,1,1,1,1,1,1,290.3,15,57.8
PA,Bryn Mawr College,66,Bryn Mawr,19010,www.brynmawr.edu,40.028541,-75.314988,0.4047,2,21,1313,59760,0,0,0,1,0,0,1,1,1,1,0,1,314.1,34,49.98
IL,University of Illinois at Urbana-Champaign,67,Champaign,61820-5711,www.illinois.edu/,40.108864,-88.230309,0.5904,1,13,1326,29086,1,1,1,1,1,1,1,1,1,1,1,1,370.0,25,52.6
IA,Grinnell College,68,Grinnell,50112-1690,www.grinnell.edu,41.747048,-92.721246,0.2801,2,33,1398,56354,0,0,0,1,0,0,1,1,1,1,0,1,273.5,7,60.92
MA,Brandeis University,69,Waltham,02454-9110,www.brandeis.edu/,42.364947,-71.254716,0.3522,2,13,1369,61023,0,1,0,1,1,0,1,1,1,1,1,1,391.4,16,57.42
GA,Emory University,70,Atlanta,30322,www.emory.edu,33.798836,-84.325782,0.2682,2,21,1366,59908,0,1,0,1,1,0,1,1,1,1,1,1,377.3,37,47.43
WA,University of Washington-Seattle Campus,71,Seattle,98195-4550,www.washington.edu,47.656213,-122.313115,0.5521,1,11,1240,25637,1,1,1,1,1,1,1,1,1,1,1,1,285.2,12,59.26
PA,Lehigh University,72,Bethlehem,18015,www.lehigh.edu,40.607158,-75.378887,0.3427,2,13,1326,57043,0,1,1,1,0,1,1,1,1,1,1,1,314.1,34,49.98
NY,New York University,73,New York,10012-1091,www.nyu.edu,40.729452,-73.997264,0.3545,2,11,1344,61958,0,0,0,1,1,1,1,1,1,2,2,1,381.8,26,52.54
FL,University of Florida,74,Gainesville,32611,www.ufl.edu/,29.649428,-82.339958,0.4561,1,12,1273,20085,1,1,2,1,1,1,2,1,2,2,2,1,540.5,35,49.14
MA,Boston University,75,Boston,2215,www.bu.edu,42.349581,-71.09984,0.3451,2,11,1300,61396,0,0,1,1,1,1,1,1,1,1,1,1,391.4,16,57.42
PA,Dickinson College,76,Carlisle,17013-2896,www.dickinson.edu,40.202796,-77.197854,0.4809,2,13,NULL,60109,0,1,0,1,0,0,1,1,1,1,1,1,314.1,34,49.98
CT,Connecticut College,77,New London,06320-4196,www.conncoll.edu,41.379833,-72.107321,0.376,2,13,NULL,60682,0,0,1,1,1,0,1,1,1,1,0,1,236.9,17,57.04
FL,AI Miami International University of Art and Design,78,Miami,33132-1418,www.artinstitutes.edu/miami/,25.790008,-80.18839,NULL,3,11,NULL,29975,0,0,0,1,0,0,0,0,0,0,1,0,540.5,35,49.14
CA,Scripps College,79,Claremont,91711-3905,www.scrippscollege.edu,34.103655,-117.711336,0.284,2,21,1360,61370,0,1,0,1,0,1,1,1,1,1,1,1,396.1,10,59.96
NY,Skidmore College,80,Saratoga Springs,12866,www.skidmore.edu/,43.092696,-73.785108,0.3734,2,23,1241,60900,0,1,0,1,1,0,1,1,1,1,1,1,381.8,26,52.54
ID,Brigham Young University-Idaho,81,Rexburg,83460-1690,www.byui.edu,43.815384,-111.784728,0.9962,2,32,1041,11139,1,1,0,2,1,1,1,1,1,1,2,1,212.2,6,60.93
CA,Santa Clara University,82,Santa Clara,95053,www.scu.edu,37.352706,-121.938189,0.4935,2,12,1309,59020,0,1,0,1,0,1,1,1,1,1,1,1,396.1,10,59.96
CA,California Institute of Technology,83,Pasadena,91125,www.caltech.edu,34.139275,-118.12574,0.0883,2,12,1545,58755,0,0,0,1,0,1,1,1,0,1,1,1,396.1,10,59.96
MI,Kalamazoo College,84,Kalamazoo,49006-3295,www.kzoo.edu,42.290382,-85.601317,0.6965,2,13,1239,50800,0,0,0,1,0,0,1,1,1,1,1,1,427.3,43,44.17
IN,DePauw University,85,Greencastle,46135-1772,www.depauw.edu,39.63953,-86.863556,0.566,2,32,1213,53410,0,1,0,1,1,0,1,1,1,1,0,1,365.3,40,45.94
NY,Cooper Union for the Advancement of Science and Art,86,New York,10003-7120,www.cooper.edu,40.72938,-73.990516,0.1506,2,11,1388,57429,0,0,1,0,0,1,0,0,0,0,0,0,381.8,26,52.54
TX,The University of Texas at Austin,87,Austin,78712,www.utexas.edu,30.286598,-97.73924,0.3966,1,11,1296,25918,0,0,1,1,0,1,1,1,1,1,1,1,405.9,29,52.23
TN,Sewanee-The University of the South,88,Sewanee,37383-1000,www.sewanee.edu,35.20443,-85.917772,0.647,2,42,NULL,47970,0,1,0,1,0,0,1,1,1,1,0,1,608.4,45,39.96
GA,University of Georgia,89,Athens,30602,www.uga.edu,33.956428,-83.374049,0.5572,1,12,1248,21981,1,1,1,1,1,1,1,1,1,1,1,1,377.3,37,47.43
TN,Rhodes College,90,Memphis,38112-1690,www.rhodes.edu,35.154424,-89.989187,0.5999,2,11,1296,52958,0,1,0,1,0,0,1,1,1,1,1,1,608.4,45,39.96
OH,Denison University,91,Granville,43023-0713,www.denison.edu,40.072582,-82.520625,0.5553,2,23,NULL,56520,0,1,0,1,1,0,1,1,1,1,0,1,284.9,39,46.04
CA,Occidental College,92,Los Angeles,90041-3392,www.oxy.edu,34.126224,-118.210783,0.4204,2,11,1300,63363,0,1,0,1,0,0,1,1,1,1,0,1,396.1,10,59.96
KY,Centre College,93,Danville,40422-1394,www.centre.edu,37.645102,-84.779175,0.7157,2,32,1263,47897,0,1,0,1,1,0,1,1,1,1,0,1,211.6,49,35.08
VA,University of Richmond,94,University of Richmond,23173,www.richmond.edu,37.577625,-77.538702,0.318,2,12,1337,57535,0,1,0,1,0,0,1,1,1,1,1,1,196.2,21,56.61
MA,Mount Holyoke College,95,South Hadley,01075-1489,www.mtholyoke.edu,42.257588,-72.573625,0.547,2,21,NULL,55454,0,1,1,1,1,0,1,1,1,1,0,1,391.4,16,57.42
DC,George Washington University,96,Washington,20052,www.gwu.edu,38.89865,-77.047871,0.4379,2,11,1297,61394,0,1,0,1,0,1,1,1,1,1,1,1,1244.4,18,57.01
MA,Babson College,97,Wellesley,02457-0310,www.babson.edu,42.296529,-71.269479,0.2631,2,21,1272,60494,0,0,0,0,0,0,0,0,0,0,2,0,391.4,16,57.42
MN,St Olaf College,98,Northfield,55057-1098,wp.stolaf.edu,44.462884,-93.183633,0.5128,2,32,1292,51860,0,1,0,1,1,0,1,1,1,1,0,1,229.1,2,69.09
SC,Wofford College,99,Spartanburg,29303-3663,www.wofford.edu,34.957914,-81.934572,0.7739,2,13,1194,49150,0,1,0,1,1,0,1,1,1,1,1,1,497.7,38,47.06
SC,Furman University,100,Greenville,29613-6162,www.furman.edu,34.920785,-82.441473,0.6871,2,21,NULL,57276,0,0,0,1,1,1,1,1,1,1,1,1,497.7,38,47.06
RI,Rhode Island School of Design,101,Providence,02903-2784,www.risd.edu,41.825935,-71.407692,0.3259,2,12,1254,61352,0,0,1,0,0,0,0,0,0,0,0,0,219.2,27,52.37
OH,Case Western Reserve University,102,Cleveland,44106,www.case.edu,41.500812,-81.605769,0.3831,2,11,1375,57405,0,1,1,1,1,1,1,1,1,1,1,1,284.9,39,46.04
NY,Sarah Lawrence College,103,Bronxville,10708,www.slc.edu,40.934147,-73.84381,0.5314,2,21,NULL,64056,0,0,0,0,0,0,0,0,0,0,0,0,381.8,26,52.54
RI,Providence College,104,Providence,02918-0001,www.providence.edu,41.844064,-71.43792,0.6306,2,12,NULL,57517,0,0,0,1,1,1,1,1,1,1,1,1,219.2,27,52.37
CA,University of California-Santa Barbara,105,Santa Barbara,93106,www.ucsb.edu,34.416281,-119.846404,0.3634,1,22,1253,33826,0,1,0,1,0,1,1,1,1,1,1,1,396.1,10,59.96
IN,Indiana University-Bloomington,106,Bloomington,47405-7000,www.iub.edu,39.166383,-86.526904,0.7609,1,13,1198,23716,0,1,0,1,1,0,1,1,1,1,2,1,365.3,40,45.94
TX,Southern Methodist University,107,Dallas,75275-0221,www.smu.edu,32.845254,-96.784855,0.524,2,21,1316,60938,0,1,0,1,1,1,1,1,1,1,1,1,405.9,29,52.23
CA,University of California-San Diego,108,La Jolla,92093,www.ucsd.edu,32.876598,-117.237793,0.3329,1,11,1313,30092,0,1,0,1,1,1,1,1,1,1,1,1,396.1,10,59.96
VA,Virginia Polytechnic Institute and State University,109,Blacksburg,24061-0131,WWW.VT.EDU,37.228572,-80.423229,0.7263,1,13,1215,26165,1,1,1,1,1,1,1,1,1,1,1,1,196.2,21,56.61
MN,University of Minnesota-Twin Cities,110,Minneapolis,55455-0213,www1.umn.edu/twincities/index.php,44.977886,-93.235352,0.4535,1,11,1271,24551,1,1,1,2,2,2,1,1,1,1,2,1,229.1,2,69.09
CO,University of Colorado Boulder,111,Boulder,80309-0017,www.colorado.edu,40.004415,-105.267061,0.8416,1,13,1207,28887,0,1,1,1,1,1,1,1,1,1,1,1,309.1,5,61.59
PA,Gettysburg College,112,Gettysburg,17325,WWW.GETTYSBURG.EDU,39.836091,-77.234982,0.4543,2,13,NULL,58320,0,1,0,0,1,0,1,1,1,1,1,1,314.1,34,49.98
NY,Bard College,113,Annandale-On-Hudson,12504-5000,www.bard.edu,42.021803,-73.906243,0.4461,2,31,NULL,62572,0,0,0,0,0,0,0,0,0,1,1,0,381.8,26,52.54
CA,Pitzer College,114,Claremont,91711-6101,www.pitzer.edu,34.103408,-117.705939,0.1302,2,21,NULL,61416,0,1,1,1,1,1,1,1,1,1,1,1,396.1,10,59.96
DC,American University,115,Washington,20016-8001,WWW.AMERICAN.EDU,38.937802,-77.090106,0.4584,2,11,1252,56620,0,1,0,1,1,0,1,1,1,1,1,1,1244.4,18,57.01
CA,University of California-Davis,116,Davis,95616-8678,www.ucdavis.edu,38.539895,-121.751958,0.4037,1,23,1226,32638,1,1,1,1,1,1,1,1,1,1,1,1,396.1,10,59.96
NY,Hobart William Smith Colleges,117,Geneva,14456,WWW.HWS.EDU,42.857725,-76.984533,0.4753,2,32,NULL,59850,0,1,1,1,0,0,1,1,1,1,0,1,381.8,26,52.54
IN,Indiana University-Purdue University-Fort Wayne,118,Fort Wayne,46805-1499,www.ipfw.edu,41.115418,-85.111747,0.9087,1,11,1002,18755,0,0,0,2,1,1,1,1,1,1,1,1,365.3,40,45.94
PA,Muhlenberg College,119,Allentown,18104,www.muhlenberg.edu,40.597362,-75.508954,0.528,2,12,NULL,55200,0,1,0,1,0,0,1,1,1,1,1,1,314.1,34,49.98
LA,Tulane University of Louisiana,120,New Orleans,70118-5698,tulane.edu,29.939696,-90.120409,0.2795,2,11,1342,61055,0,1,1,1,1,1,1,1,1,1,1,1,514.7,46,39.03
CA,Pepperdine University,121,Malibu,90263,www.pepperdine.edu/,34.041912,-118.707677,0.3546,2,21,1234,61164,0,0,0,1,1,0,1,1,1,1,1,1,396.1,10,59.96
IN,Earlham College,122,Richmond,47374-4095,www.earlham.edu,39.822278,-84.911464,0.6452,2,32,NULL,52710,0,1,0,1,0,1,1,1,1,1,1,1,365.3,40,45.94
OH,The College of Wooster,123,Wooster,44691,www.wooster.edu,40.81046,-81.934674,0.5909,2,32,1229,53500,0,0,0,1,1,0,1,1,1,1,0,1,284.9,39,46.04
WI,Lawrence University,124,Appleton,54911,www.lawrence.edu,44.261323,-88.397822,0.7295,2,13,NULL,51897,0,1,0,0,1,0,1,1,1,1,0,1,290.3,15,57.8
NY,Rensselaer Polytechnic Institute,125,Troy,12180-3590,www.rpi.edu,42.728983,-73.678768,0.375,2,13,1372,61820,0,1,1,1,0,1,1,1,1,1,1,0,381.8,26,52.54
IA,Drake University,126,Des Moines,50311-4505,www.drake.edu,41.60381,-93.654062,0.6926,2,12,1239,44261,0,1,0,1,1,0,1,1,1,1,1,1,273.5,7,60.92
DE,University of Delaware,127,Newark,19716,www.udel.edu/,39.6795744,-75.7529169,0.6783,1,21,1194,23357,1,1,1,1,2,2,1,1,1,2,2,2,489.1,19,57.01
VT,University of Vermont,128,Burlington,05405-0160,www.uvm.edu,44.479262,-73.198128,0.7344,1,13,1191,28348,1,1,0,1,1,1,1,1,1,1,1,1,99.3,14,58.01
CO,University of Denver,129,Denver,80208,www.du.edu,39.695954,-104.964625,0.7649,2,11,1231,55476,1,1,0,1,0,1,1,1,1,2,2,1,309.1,5,61.59
CO,Colorado School of Mines,130,Golden,80401,www.mines.edu,39.75079,-105.227148,0.3647,1,21,1333,30154,0,0,0,1,0,1,0,1,0,1,0,0,309.1,5,61.59
NJ,Rutgers University-Camden,131,Camden,8102,www.rutgers.edu,39.948628,-75.125303,0.6038,1,13,1025,23651,0,0,0,1,0,0,1,1,1,1,1,1,261.2,20,56.82
TX,Texas A & M University-Corpus Christi,132,Corpus Christi,78412-5503,www.tamucc.edu,27.718601,-97.331933,0.8462,1,11,970,18745,0,1,0,1,0,1,1,1,1,1,1,1,405.9,29,52.23
VT,Bennington College,133,Bennington,05201-6003,www.bennington.edu,42.92004,-73.237498,0.6721,2,32,NULL,61920,0,1,1,1,1,0,1,1,1,1,0,1,99.3,14,58.01
NY,Syracuse University,134,Syracuse,13244,syr.edu/,43.040005,-76.136633,0.5323,2,12,1184,57450,0,0,1,1,1,1,1,1,1,1,1,1,381.8,26,52.54
NY,Fordham University,135,Bronx,10458,www.fordham.edu,40.861183,-73.889578,0.4812,2,11,1254,59105,0,0,0,1,1,1,1,1,1,1,1,1,381.8,26,52.54
WI,Beloit College,136,Beloit,53511-5595,www.beloit.edu,42.50363,-89.03147,0.6931,2,13,NULL,50378,0,1,0,1,1,1,1,1,1,1,1,1,290.3,15,57.8
CT,University of Connecticut,137,Storrs,6269,uconn.edu/,41.806261,-72.247969,0.4996,1,21,1246,26966,1,1,1,1,1,1,1,1,1,1,1,1,236.9,17,57.04
OR,Willamette University,138,Salem,97301,www.willamette.edu,44.935743,-123.030727,0.8131,2,12,1209,54536,0,1,0,1,0,0,1,1,1,1,0,1,232.3,32,51.4
MI,Michigan State University,139,East Lansing,48824-1046,www.msu.edu,42.73212,-84.476111,0.6609,1,13,1158,24323,1,1,1,1,1,1,1,1,1,1,1,1,427.3,43,44.17
CA,Loyola Marymount University,140,Los Angeles,90045-2659,www.lmu.edu,33.970633,-118.415655,0.5271,2,11,1218,57016,0,1,0,1,0,1,1,1,1,1,1,1,396.1,10,59.96
MA,Hampshire College,141,Amherst,01002-5001,www.hampshire.edu,42.324772,-72.532401,0.6664,2,21,NULL,60048,1,1,1,1,1,0,1,1,1,1,1,1,391.4,16,57.42
IN,Wabash College,142,Crawfordsville,47933-0352,www.wabash.edu,40.037799,-86.905809,0.6998,2,32,1128,46660,0,0,0,0,0,0,1,1,1,1,0,1,365.3,40,45.94
NY,St Lawrence University,143,Canton,13617,www.stlawu.edu,44.589879,-75.161343,0.4764,2,33,NULL,59550,0,1,0,1,0,0,1,1,1,1,1,1,381.8,26,52.54
ME,College of the Atlantic,144,Bar Harbor,4609,www.coa.edu,44.399584,-68.228849,0.711,2,33,NULL,49890,0,0,0,0,0,0,0,0,0,0,0,0,127.8,33,51.32
MI,Hope College,145,Holland,49422-9000,www.hope.edu,42.788052,-86.105376,0.7741,2,13,1185,39856,0,0,0,1,1,1,1,1,1,1,1,1,427.3,43,44.17
OR,Lewis & Clark College,146,Portland,97219-7899,www.lclark.edu/,45.450547,-122.672478,0.6662,2,11,NULL,55517,0,1,0,1,0,0,1,1,1,1,0,1,232.3,32,51.4
WI,Marquette University,147,Milwaukee,53233,www.marquette.edu,43.03903,-87.927961,0.6671,2,11,1220,48364,0,0,0,1,1,1,1,1,1,1,1,1,290.3,15,57.8
CA,Westmont College,148,Santa Barbara,93108-1089,www.westmont.edu,34.449265,-119.661932,0.7936,2,22,1175,53670,0,0,0,1,0,1,1,1,1,1,1,1,396.1,10,59.96
UT,University of Utah,149,Salt Lake City,84112-9008,www.utah.edu,40.762484,-111.846044,0.8142,1,12,1131,18931,0,1,1,1,1,1,1,1,1,1,1,1,215.6,1,71.02
AZ,Arizona State University-Tempe,150,Tempe,85287,www.asu.edu/,33.422247,-111.934629,0.8433,1,12,1145,22312,0,1,1,1,1,1,1,1,1,2,1,1,399.9,31,51.51
AR,Hendrix College,151,Conway,72032-3080,www.hendrix.edu,35.09972,-92.442021,0.8282,2,13,1244,52536,0,1,0,1,0,0,1,1,1,1,1,1,480.1,47,38.22
CA,University of California-Irvine,152,Irvine,92697,www.uci.edu/,33.648434,-117.841248,0.3742,1,12,1168,29759,0,1,1,1,1,1,1,1,1,1,1,1,396.1,10,59.96
VA,Virginia Military Institute,153,Lexington,24450-0304,www.vmi.edu,37.790644,-79.435737,0.444,1,32,1162,25642,0,0,0,1,0,1,1,1,1,1,0,1,196.2,21,56.61
PA,Pennsylvania State University-Dickinson Law,154,Carlisle,17013-2861,law.psu.edu/,40.199443,-77.197794,NULL,1,13,NULL,NA,0,0,0,0,0,0,0,0,0,0,0,0,314.1,34,49.98
CT,Fairfield University,155,Fairfield,06824-5195,fairfield.edu/,41.160732,-73.25778,0.7153,2,21,NULL,57966,0,0,0,1,1,1,1,1,1,1,1,1,236.9,17,57.04
MA,Worcester Polytechnic Institute,156,Worcester,01609-2280,www.wpi.edu,42.275067,-71.808792,0.4378,2,12,NULL,57637,0,0,0,1,0,1,1,1,1,1,1,0,391.4,16,57.42
CA,California Polytechnic State University-San Luis Obispo,157,San Luis Obispo,93407,calpoly.edu,35.29889,-120.65856,0.3089,1,23,1234,24218,1,1,1,1,1,1,1,1,1,1,1,1,396.1,10,59.96
SC,Clemson University,158,Clemson,29634,www.clemson.edu,34.677329,-82.834463,0.5152,1,21,1261,26065,1,1,1,1,1,2,1,1,1,1,1,1,497.7,38,47.06
NC,Elon University,159,Elon,27244-2010,www.elon.edu,36.104149,-79.505632,0.5393,2,22,1225,43388,0,1,0,1,1,1,1,1,1,1,1,1,329.5,30,52.16
LA,Louisiana State University Health Sciences Center-New Orleans,160,New Orleans,70112-2223,www.lsuhsc.edu,29.957272,-90.083145,NULL,1,11,NULL,NA,0,0,0,0,0,0,0,0,0,0,0,0,514.7,46,39.03
PA,Juniata College,161,Huntingdon,16652-2196,www.juniata.edu,40.499511,-78.015204,0.7417,2,32,NULL,49098,0,1,0,1,1,1,1,1,1,1,1,1,314.1,34,49.98
MN,Gustavus Adolphus College,162,Saint Peter,56082-1498,WWW.GUSTAVUS.EDU,44.324968,-93.971928,0.6107,2,31,NULL,50008,0,1,0,1,1,0,1,1,1,1,1,1,229.1,2,69.09
VA,James Madison University,163,Harrisonburg,22807,www.jmu.edu/,38.435332,-78.871663,0.6573,1,13,1153,22601,0,0,0,1,0,1,1,1,1,1,1,1,196.2,21,56.61
PA,Ursinus College,164,Collegeville,19426-1000,www.ursinus.edu,40.19405,-75.455654,0.8316,2,21,NULL,58610,0,1,0,1,0,1,1,1,1,1,1,1,314.1,34,49.98
FL,Florida State University,165,Tallahassee,32306-1037,www.fsu.edu,30.4421,-84.294801,0.5539,1,12,1228,21408,0,1,0,1,1,1,1,1,1,1,1,1,540.5,35,49.14
MA,Bentley University,166,Waltham,02452-4705,www.bentley.edu,42.388798,-71.220148,0.4611,2,13,1247,56768,0,0,0,1,0,0,0,1,0,0,1,1,391.4,16,57.42
NJ,Ramapo College of New Jersey,167,Mahwah,07430-1680,www.ramapo.edu,41.007523,-74.116384,0.5332,1,21,1082,27561,0,1,0,1,0,0,1,1,1,1,1,1,261.2,20,56.82
WA,Gonzaga University,168,Spokane,99258-0001,www.gonzaga.edu,47.668144,-117.403062,0.6751,2,12,1207,48357,0,1,0,1,1,1,1,1,1,1,1,1,285.2,12,59.26
OR,University of Portland,169,Portland,97203-5798,www.up.edu,45.571807,-122.726859,0.6293,2,11,1195,51947,0,1,0,1,1,1,1,1,1,1,1,1,232.3,32,51.4
IN,Rose-Hulman Institute of Technology,170,Terre Haute,47803-3920,www.rose-hulman.edu,39.480946,-87.32357,0.5879,2,13,1308,57138,0,0,0,1,0,1,1,1,0,1,0,0,365.3,40,45.94
IA,University of Iowa,171,Iowa City,52242-1316,www.uiowa.edu,41.660695,-91.535698,0.8095,1,13,1164,20691,0,1,0,1,1,1,1,1,1,1,2,1,273.5,7,60.92
TX,Baylor University,172,Waco,76798,www.baylor.edu,31.545956,-97.119359,0.5536,2,12,1227,53797,0,1,0,1,1,1,1,1,1,1,1,1,405.9,29,52.23
MA,Emerson College,173,Boston,02116-4624,www.emerson.edu,42.35532,-71.074037,0.4918,2,11,1244,53499,0,0,0,0,1,0,0,0,0,0,1,0,391.4,16,57.42
MI,Calvin College,174,Grand Rapids,49546,www.calvin.edu,42.929916,-85.587548,0.7314,2,12,1182,40694,0,1,0,1,1,1,1,1,1,1,1,1,427.3,43,44.17
NC,North Carolina State University at Raleigh,175,Raleigh,27695-7001,www.ncsu.edu,35.785111,-78.674517,0.516,1,11,1253,22046,1,1,1,1,1,1,1,1,1,1,1,1,329.5,30,52.16
IL,Knox College,176,Galesburg,61401-9999,https://www.knox.edu,40.941829,-90.370316,0.6824,2,32,NULL,49190,0,1,0,1,1,0,1,1,1,1,0,1,370.0,25,52.6
WA,University of Puget Sound,177,Tacoma,98416,www.pugetsound.edu,47.263651,-122.479714,0.7929,2,12,1230,55948,0,0,0,1,1,0,1,1,1,1,1,1,285.2,12,59.26
MD,Loyola University Maryland,178,Baltimore,21210-2699,www.loyola.edu,39.346044,-76.623417,0.5963,2,11,NULL,57775,0,0,0,1,1,1,1,1,1,1,1,1,446.1,23,55.14
CA,University of Redlands,179,Redlands,92373-0999,www.redlands.edu,34.063571,-117.163847,0.7309,2,13,1110,57347,0,1,0,1,1,0,1,1,1,1,1,1,396.1,10,59.96
NY,Yeshiva University,180,New York,10033-3299,www.yu.edu,40.8508,-73.928541,0.818,2,11,1221,55075,0,0,0,1,1,0,1,1,1,1,1,1,381.8,26,52.54
AL,Auburn University,181,Auburn,36849,www.auburn.edu,32.604685,-85.482782,0.8347,1,13,1215,25282,1,1,1,1,1,1,1,1,1,1,2,1,427.4,50,34.15
AL,Samford University,182,Birmingham,35229-2240,www.samford.edu,33.464578,-86.790932,0.5954,2,21,1165,40900,0,1,0,1,1,1,1,1,1,1,1,1,427.4,50,34.15
VT,Saint Michael's College,183,Colchester,5439,www.smcvt.edu,44.494212,-73.163136,0.8046,2,22,NULL,50806,0,1,0,1,1,1,1,1,1,1,1,1,99.3,14,58.01
OK,University of Oklahoma-Health Sciences Center,184,Oklahoma City,73104-5499,ouhsc.edu,35.47928,-97.496289,NULL,1,11,NULL,NA,0,0,0,0,0,0,0,0,0,0,0,0,406.0,44,41.36
CA,University of California-Santa Cruz,185,Santa Cruz,95064-1011,www.ucsc.edu/,36.997258,-122.067993,0.5572,1,13,1149,33036,1,1,0,1,1,1,1,1,1,1,1,1,396.1,10,59.96
NH,University of New Hampshire-School of Law,186,Concord,03301-4197,law.unh.edu,43.207371,-71.545152,NULL,1,31,NULL,NA,0,0,0,0,0,0,0,0,0,0,0,0,196.1,11,59.5
NC,University of North Carolina at Asheville,187,Asheville,28804-8510,www.unca.edu,35.616618,-82.565259,0.7314,1,13,1191,18574,0,1,0,1,0,1,1,1,1,1,1,1,329.5,30,52.16
OH,University of Dayton,188,Dayton,45469,https://www.udayton.edu,39.73686,-84.173662,0.5901,2,12,1194,49540,0,0,0,1,2,1,1,1,1,1,1,1,284.9,39,46.04
PA,University of Pittsburgh-Bradford,189,Bradford,16701,www.upb.pitt.edu/,41.944173,-78.673039,0.6542,1,33,985,24809,0,0,0,1,1,1,1,1,1,1,1,0,314.1,34,49.98
MA,University of Massachusetts-Amherst,190,Amherst,1003,www.umass.edu,42.386162,-72.52617,0.6139,1,21,1217,26207,1,1,1,1,1,1,1,1,1,1,2,1,391.4,16,57.42
MD,St Mary's College of Maryland,191,St. Mary's City,20686-3001,www.smcm.edu,38.188615,-76.425706,0.7887,1,23,1188,29172,0,0,0,1,0,0,1,1,1,1,0,1,446.1,23,55.14
FL,New College of Florida,192,Sarasota,34243-2109,www.ncf.edu,27.384925,-82.55858,0.5987,1,13,1274,19858,0,0,0,0,0,0,0,0,0,0,0,0,540.5,35,49.14
OK,University of Tulsa,193,Tulsa,74104-3189,www.utulsa.edu,36.151887,-95.945175,0.4026,2,11,1296,49323,0,1,0,1,1,1,1,1,1,1,1,1,406.0,44,41.36
TX,Texas Christian University,194,Fort Worth,76129,www.tcu.edu/,32.709568,-97.361537,0.4887,2,11,1207,50440,1,1,0,1,1,1,1,1,1,1,1,1,405.9,29,52.23
CA,University of San Diego,195,San Diego,92110-2492,www.sandiego.edu,32.77142,-117.188721,0.4625,2,11,1243,57593,0,1,1,1,0,1,1,1,1,1,1,1,396.1,10,59.96
MA,Stonehill College,196,Easton,02357-6110,www.stonehill.edu,42.061448,-71.078123,0.7696,2,21,NULL,51977,0,1,0,1,1,0,1,1,1,1,1,1,391.4,16,57.42
ID,The College of Idaho,197,Caldwell,83605-4432,www.collegeofidaho.edu,43.652653,-116.676838,0.929,2,22,1076,35456,0,1,0,0,1,1,1,1,1,1,1,1,212.2,6,60.93
NE,Creighton University,198,Omaha,68178,www.creighton.edu,41.265325,-95.947029,0.7267,2,11,1200,47780,0,1,0,1,1,0,1,1,1,1,2,1,280.4,8,60.65
MA,Northeastern University,199,Boston,02115-5005,www.northeastern.edu,42.339992,-71.088782,0.3222,2,11,1420,57981,0,1,1,1,0,1,1,1,1,1,1,1,391.4,16,57.42
MS,University of Mississippi,200,University,38677-1848,www.olemiss.edu,34.362144,-89.539377,0.8122,1,33,1098,22444,0,0,0,1,1,1,2,1,1,1,2,1,278.5,48,36.05
NH,Saint Anselm College,201,Manchester,03102-1310,www.anselm.edu,42.985066,-71.508177,0.7609,2,22,NULL,49836,0,1,0,1,1,1,1,1,1,1,1,1,196.1,11,59.5
MO,Saint Louis University,202,Saint Louis,63103-2097,www.slu.edu,38.636516,-90.23343,0.6108,2,11,1239,52310,0,1,0,1,1,1,1,1,1,1,2,1,442.9,42,44.58
OR,University of Oregon,203,Eugene,97403,www.uoregon.edu,44.044515,-123.07398,0.749,1,12,1116,23055,0,1,1,1,1,0,1,1,1,1,1,1,232.3,32,51.4
AZ,University of Arizona,204,Tucson,85721-0066,www.arizona.edu,32.232071,-110.950769,0.7462,1,11,NULL,24617,1,1,1,1,1,1,1,1,1,1,1,1,399.9,31,51.51
VA,Hampden-Sydney College,205,Hampden-Sydney,23943-0128,www.hsc.edu,37.242482,-78.461371,0.4727,2,42,1098,52016,0,0,0,1,0,0,1,1,1,1,1,1,196.2,21,56.61
NY,Clarkson University,206,Potsdam,13699,www.clarkson.edu,44.663761,-74.999947,0.6214,2,33,1195,57221,0,1,0,1,0,1,1,1,1,1,1,1,381.8,26,52.54
IA,Luther College,207,Decorah,52101-1045,www.luther.edu,43.313584,-91.803971,0.7116,2,33,1157,48419,0,1,0,1,1,0,1,1,1,1,1,1,273.5,7,60.92
IN,Butler University,208,Indianapolis,46208,www.butler.edu,39.840662,-86.171791,0.6846,2,11,1205,48784,0,0,0,1,1,0,1,1,1,1,1,1,365.3,40,45.94
NY,United States Merchant Marine Academy,209,Kings Point,11024-1699,WWW.USMMA.EDU,40.812154,-73.762534,NULL,1,21,NULL,8988,0,0,0,0,0,1,0,0,0,0,0,0,381.8,26,52.54
NY,CUNY City College,210,New York,10031,www.ccny.cuny.edu,40.819794,-73.95055,0.3806,1,11,1130,14824,0,1,1,1,1,1,1,1,1,1,1,1,381.8,26,52.54
KY,Transylvania University,211,Lexington,40508-1797,www.transy.edu,38.053236,-84.493883,0.8262,2,11,1230,43304,0,0,0,1,1,0,1,1,1,1,1,1,211.6,49,35.08
CA,University of San Francisco,212,San Francisco,94117-1080,https://www.usfca.edu,37.775564,-122.450977,0.6005,2,11,1152,58039,0,1,1,1,0,0,1,1,1,2,1,1,396.1,10,59.96
CA,Saint Mary's College of California,213,Moraga,94575,www.stmarys-ca.edu,37.83997,-122.106795,0.7595,2,41,1109,58362,0,1,0,0,0,1,1,1,1,1,1,1,396.1,10,59.96
NY,Manhattan College,214,Riverdale,10471-4098,www.manhattan.edu,40.889756,-73.901893,0.6654,2,11,1097,48454,0,0,0,1,1,1,1,1,1,1,1,1,381.8,26,52.54
IL,Illinois Wesleyan University,215,Bloomington,61702-2900,www.iwu.edu,40.491522,-88.990622,0.6043,2,13,1249,50324,0,1,0,1,1,0,1,1,1,1,1,1,370.0,25,52.6
DC,Catholic University of America,216,Washington,20064,www.cua.edu,38.935796,-76.998961,0.7391,2,11,1130,55995,0,0,1,1,1,1,1,1,1,1,1,1,1244.4,18,57.01
VA,George Mason University,217,Fairfax,22030-4444,www.gmu.edu,38.83088,-77.30794,0.6665,1,21,1152,23212,0,1,0,2,1,1,1,1,1,1,1,1,196.2,21,56.61
NE,University of Nebraska-Lincoln,218,Lincoln,68588,www.unl.edu/,40.822272,-96.702177,0.6989,1,11,1146,21286,2,1,1,1,1,1,1,1,1,1,1,1,280.4,8,60.65
NY,Ithaca College,219,Ithaca,14850-7002,www.ithaca.edu,42.42264,-76.495057,0.5911,2,23,NULL,55515,0,1,1,1,1,0,1,1,1,1,1,1,381.8,26,52.54
WY,University of Wyoming,220,Laramie,82071,www.uwyo.edu,41.311943,-105.57204,0.9766,1,33,1118,18145,1,1,0,1,1,1,1,1,1,1,1,1,195.5,13,59.24
CA,San Diego State University,221,San Diego,92182,www.sdsu.edu,32.77525,-117.071228,0.3448,1,11,1115,20631,0,1,0,1,1,1,1,1,1,1,1,1,396.1,10,59.96
PA,University of Scranton,222,Scranton,18510-4629,www.scranton.edu,41.40715,-75.658031,0.7726,2,13,1125,53567,0,1,0,1,1,1,1,1,1,1,1,1,314.1,34,49.98
MO,Truman State University,223,Kirksville,63501-4221,www.truman.edu,40.188238,-92.580531,0.7448,1,33,1226,19368,1,0,0,1,0,0,1,1,1,1,1,1,442.9,42,44.58
OH,Wittenberg University,224,Springfield,45504,www.wittenberg.edu,39.937463,-83.814082,0.9138,2,13,NULL,50115,0,1,0,1,1,0,1,1,1,1,1,1,284.9,39,46.04
IN,Hanover College,225,Hanover,47243,www.hanover.edu,38.712488,-85.461086,0.6447,2,32,1101,43582,0,1,0,1,1,0,1,1,1,1,0,1,365.3,40,45.94
NJ,Stevens Institute of Technology,226,Hoboken,07030-5991,www.stevens.edu,40.744776,-74.025334,0.4378,2,21,1346,59384,0,0,0,1,0,1,1,1,0,1,1,0,261.2,20,56.82
MA,Springfield College,227,Springfield,01109-3797,www.springfield.edu/,42.105033,-72.555688,0.7087,2,12,1025,45887,0,0,0,1,1,0,1,1,1,1,1,1,391.4,16,57.42
CA,Thomas Aquinas College,228,Santa Paula,93060,www.thomasaquinas.edu,34.429009,-119.087141,0.827,2,42,1261,35716,0,0,0,0,0,0,0,0,0,0,0,0,396.1,10,59.96
AL,University of Alabama at Birmingham,229,Birmingham,35294-0110,www.uab.edu,33.50223,-86.80917,0.8569,1,12,1107,20621,0,0,0,1,1,1,1,1,1,1,2,1,427.4,50,34.15
KS,University of Kansas,230,Lawrence,66045,www.ku.edu,38.958551,-95.247618,0.9142,1,13,1145,23049,0,1,1,1,1,1,1,1,1,1,1,1,348.6,24,54.55
WA,Whitworth University,231,Spokane,99251,www.whitworth.edu,47.753699,-117.418078,0.7476,2,21,NULL,47538,0,0,0,1,1,0,1,1,1,1,1,1,285.2,12,59.26
IA,Iowa State University,232,Ames,50011-2030,www.iastate.edu,42.026368,-93.648353,0.8691,1,13,1145,18828,1,1,1,1,1,1,1,1,1,1,1,1,273.5,7,60.92
IL,Bradley University,233,Peoria,61625-0001,www.bradley.edu,40.697605,-89.61462,0.643,2,12,1162,42090,0,1,0,1,1,1,1,1,1,1,1,1,370.0,25,52.6
IN,Valparaiso University,234,Valparaiso,46383,www.valpo.edu,41.463176,-87.045853,0.8236,2,21,1155,44674,0,1,0,1,1,1,1,1,1,1,1,1,365.3,40,45.94
WA,Seattle University,235,Seattle,98122-4340,www.seattleu.edu,47.610138,-122.3197,0.7335,2,11,1183,52458,0,1,0,1,1,1,1,1,1,1,1,1,285.2,12,59.26
MI,Albion College,236,Albion,49224,www.albion.edu,42.244603,-84.746088,0.6079,2,31,1125,48073,0,0,0,0,1,0,1,1,1,1,1,1,427.3,43,44.17
TX,Southwestern University,237,Georgetown,78626,www.southwestern.edu,30.635194,-97.664637,0.4852,2,21,1159,48080,0,1,0,1,1,0,1,1,1,1,1,1,405.9,29,52.23
IL,Illinois Institute of Technology,238,Chicago,60616,www.iit.edu,41.833801,-87.628346,0.506,2,11,1266,51572,0,0,1,1,0,1,1,1,1,1,1,0,370.0,25,52.6
FL,Rollins College,239,Winter Park,32789-4499,www.rollins.edu,28.591992,-81.348716,0.5729,2,21,NULL,57686,0,1,0,1,1,0,1,1,1,1,1,1,540.5,35,49.14
TN,The University of Tennessee-Knoxville,240,Knoxville,37996,www.utk.edu,35.955093,-83.929696,0.7483,1,12,1198,27450,1,1,1,1,1,1,1,1,1,1,1,1,608.4,45,39.96
SC,Presbyterian College,241,Clinton,29325,https://www.presby.edu,34.465697,-81.874408,0.5372,2,32,1090,46378,0,0,0,1,1,0,1,1,1,1,1,1,497.7,38,47.06
AR,University of Arkansas,242,Fayetteville,72701,www.uark.edu,36.06153,-94.178214,0.6204,1,13,1155,20350,1,1,1,1,1,1,1,1,1,1,2,1,480.1,47,38.22
CA,University of California-Riverside,243,Riverside,92521,WWW.UCR.EDU,33.97588,-117.331098,0.5829,1,11,1128,30174,0,1,0,1,0,1,1,1,1,1,1,1,396.1,10,59.96
IN,Taylor University,244,Upland,46989-1001,https://www.taylor.edu,40.458382,-85.496906,0.8803,2,32,1184,39699,0,1,0,1,1,1,1,1,1,1,2,1,365.3,40,45.94
SC,Citadel Military College of South Carolina,245,Charleston,29409,www.citadel.edu,32.796975,-79.961399,0.7554,1,12,1073,25442,0,0,0,1,1,1,1,1,1,1,1,1,497.7,38,47.06
AR,Imagine-Paul Mitchell Partner School,246,North Little Rock,72117,www.pmlittlerock.com,34.791306,-92.221304,NULL,3,13,NULL,NA,0,0,0,0,0,0,0,0,0,0,0,0,480.1,47,38.22
NJ,Drew University,247,Madison,7940,www.drew.edu,40.757026,-74.425825,0.7017,2,21,1118,58700,0,1,0,1,0,0,1,1,1,1,1,1,261.2,20,56.82
VA,University of Mary Washington,248,Fredericksburg,22401-5300,www.umw.edu,38.302206,-77.474392,0.7672,1,22,1114,23371,0,0,0,1,0,0,1,1,1,1,1,1,196.2,21,56.61
TX,University of Dallas,249,Irving,75062-4736,www.udallas.edu,32.846202,-96.921573,0.8513,2,12,1211,48274,0,0,0,1,1,0,1,1,1,1,1,1,405.9,29,52.23
NY,CUNY Queens College,250,Queens,11367,www.qc.cuny.edu,40.737771,-73.815387,0.3982,1,11,1090,14465,0,1,0,1,1,0,1,1,1,1,1,1,381.8,26,52.54
AZ,Arizona State University-Tempe,251,Tempe,85287,www.asu.edu/,33.422247,-111.934629,0.8433,1,12,1145,22312,0,1,1,1,1,1,1,1,1,2,1,1,399.9,31,51.51
IL,Loyola University Chicago,252,Chicago,60660,www.luc.edu,41.999161,-87.657399,0.6334,2,11,1212,48958,0,1,0,2,1,0,1,1,2,1,2,1,370.0,25,52.6
IL,DePaul University,253,Chicago,60604,www.depaul.edu,41.923332,-87.654116,0.6988,2,11,NULL,48173,0,1,1,2,1,0,1,1,1,1,1,1,370.0,25,52.6
TX,Austin College,254,Sherman,75090-4400,www.austincollege.edu,33.646307,-96.598772,0.5438,2,13,1159,47404,0,1,0,1,0,0,1,1,1,1,1,1,405.9,29,52.23
PA,Washington & Jefferson College,255,Washington,15301,www.washjeff.edu,40.171898,-80.240388,0.4165,2,21,NULL,51369,0,1,0,1,1,0,1,1,1,1,1,1,314.1,34,49.98
OH,John Carroll University,256,University Heights,44118-4581,sites.jcu.edu/,41.488978,-81.533103,0.8291,2,21,1116,46851,0,1,0,1,1,1,1,1,1,1,1,1,284.9,39,46.04
RI,Bryant University,257,Smithfield,02917-1291,www.bryant.edu,41.920149,-71.539147,0.7508,2,21,NULL,52507,0,1,0,1,0,0,1,1,1,1,1,1,219.2,27,52.37
PA,Allegheny College,258,Meadville,16335-3902,www.allegheny.edu,41.648068,-80.146922,0.7177,2,32,1170,51883,0,1,0,1,0,1,1,1,1,1,0,1,314.1,34,49.98
MD,Goucher College,259,Baltimore,21204-2794,www.goucher.edu,39.410175,-76.594843,0.7569,2,13,NULL,52462,0,1,0,1,1,0,1,1,1,1,1,1,446.1,23,55.14
GA,Agnes Scott College,260,Decatur,30030-3770,www.agnesscott.edu,33.769996,-84.29563,0.6772,2,21,NULL,46124,0,0,0,0,0,0,1,1,1,1,1,1,377.3,37,47.43
NY,CUNY Brooklyn College,261,Brooklyn,11210,www.brooklyn.cuny.edu,40.631912,-73.95312,0.3533,1,11,1085,15117,0,1,0,1,1,0,1,1,1,1,1,1,381.8,26,52.54
GA,Spelman College,262,Atlanta,30314-4399,www.spelman.edu,33.74519,-84.410118,0.54,2,11,1005,42739,0,1,0,1,1,1,1,1,1,1,0,1,377.3,37,47.43
NY,CUNY Hunter College,263,New York,10065,www.hunter.cuny.edu,40.768669,-73.964795,0.3467,1,11,1160,15198,0,1,0,1,1,0,1,1,1,1,1,1,381.8,26,52.54
NE,Nebraska Wesleyan University,264,Lincoln,68504-2794,www.nebrwesleyan.edu/,40.838789,-96.648414,0.7814,2,11,1124,38668,0,0,0,1,1,0,1,1,1,1,1,1,280.4,8,60.65
MD,Washington College,265,Chestertown,21620-1438,www.washcoll.edu,39.217329,-76.06878,0.5566,2,32,NULL,54067,0,1,0,1,0,0,1,1,1,1,1,1,446.1,23,55.14
PA,Duquesne University,266,Pittsburgh,15282,www.duq.edu,40.437496,-79.993046,0.7306,2,11,1144,43963,0,1,0,2,1,0,1,1,1,1,2,1,314.1,34,49.98
WA,Seattle Pacific University,267,Seattle,98119-1997,www.spu.edu,47.649338,-122.362923,0.834,2,11,1140,47389,0,0,0,1,1,1,1,1,1,1,1,1,285.2,12,59.26
NY,Siena College,268,Loudonville,12211-1462,www.siena.edu,42.718586,-73.75153,0.6586,2,21,1127,47265,0,0,0,1,0,0,1,1,1,1,1,1,381.8,26,52.54
CO,Colorado State University-Fort Collins,269,Fort Collins,80523-0100,www.colostate.edu,40.574759,-105.08083,0.8048,1,12,1128,22929,2,1,1,1,1,1,1,1,1,1,1,1,309.1,5,61.59
MA,Simmons College,270,Boston,02115-5898,www.simmons.edu,42.3393,-71.099967,0.5216,2,11,1170,52348,1,1,0,1,1,0,1,1,1,1,1,1,391.4,16,57.42
NJ,Seton Hall University,271,South Orange,07079-2697,www.shu.edu,40.742859,-74.248753,0.7554,2,21,1133,48457,0,1,0,1,1,0,1,1,1,1,1,1,261.2,20,56.82
WA,Pacific Lutheran University,272,Tacoma,98447-0003,www.plu.edu,47.145494,-122.445372,0.7501,2,21,1115,46717,0,1,0,1,1,1,1,1,1,1,1,1,285.2,12,59.26
